Med,Baltic,RR,Ori Ave,Vermont,Connecticut,Charles Place,EE,States Ave,Virginia,Penn Rail,St. James,Tenn Ave,NY Ave,Ken Ave,Indiana,Illinois,B&O Rail,Atlantic Ave,Ventnor Ave,WW,Marvin Gardins,Pacific Ave,NC Ave,Penn Ave,Short Line,Park Place,Boardwalk
0.6666666666666666,2.3333333333333335,4.5,0.72,2.1,2.6666666666666665,0.2857142857142857,0.4666666666666667,2.142857142857143,3.0,1.0,1.9444444444444444,3.888888888888889,0.8,0.7363636363636363,4.5,0.8333333333333334,1.25,4.230769230769231,4.653846153846154,0.10666666666666667,2.5714285714285716,4.333333333333333,1.3,3.75,1.25,6.0,0.5
