Med,Baltic,RR,Ori Ave,Vermont,Connecticut,Charles Place,EE,States Ave,Virginia,Penn Rail,St. James,Tenn Ave,NY Ave,Ken Ave,Indiana,Illinois,B&O Rail,Atlantic Ave,Ventnor Ave,WW,Marvin Gardins,Pacific Ave,NC Ave,Penn Ave,Short Line,Park Place,Boardwalk
0.0,3.3333333333333335,1.5,2.7,1.8,2.3333333333333335,4.285714285714286,0.13333333333333333,2.5,1.125,1.0,2.7222222222222223,3.111111111111111,3.2,4.090909090909091,2.8636363636363638,2.5,1.5,2.1153846153846154,1.2692307692307692,0.48,2.5714285714285716,3.466666666666667,1.7333333333333334,3.28125,2.5,1.0,4.5
