Med,Baltic,RR,Ori Ave,Vermont,Connecticut,Charles Place,EE,States Ave,Virginia,Penn Rail,St. James,Tenn Ave,NY Ave,Ken Ave,Indiana,Illinois,B&O Rail,Atlantic Ave,Ventnor Ave,WW,Marvin Gardins,Pacific Ave,NC Ave,Penn Ave,Short Line,Park Place,Boardwalk
0.8333333333333334,1.3333333333333333,10.0,3.6,1.5,2.6666666666666665,2.857142857142857,0.21333333333333335,2.857142857142857,1.875,2.25,3.5,2.3333333333333335,4.0,0.9,2.4545454545454546,4.166666666666667,2.0,2.9615384615384617,2.1153846153846154,0.16,3.857142857142857,3.033333333333333,3.033333333333333,0.9375,3.25,2.5,4.5
