Med,Baltic,RR,Ori Ave,Vermont,Connecticut,Charles Place,EE,States Ave,Virginia,Penn Rail,St. James,Tenn Ave,NY Ave,Ken Ave,Indiana,Illinois,B&O Rail,Atlantic Ave,Ventnor Ave,WW,Marvin Gardins,Pacific Ave,NC Ave,Penn Ave,Short Line,Park Place,Boardwalk
0.5,0.6666666666666666,2.75,3.9,1.2,1.3333333333333333,0.5,0.10666666666666667,3.2142857142857144,2.25,9.75,2.7222222222222223,1.1666666666666667,4.4,3.6818181818181817,2.0454545454545454,5.0,1.0,2.5384615384615383,3.3846153846153846,0.5733333333333334,3.0,4.333333333333333,1.7333333333333334,0.9375,3.0,3.0,1.0
