Med,Baltic,RR,Ori Ave,Vermont,Connecticut,Charles Place,EE,States Ave,Virginia,Penn Rail,St. James,Tenn Ave,NY Ave,Ken Ave,Indiana,Illinois,B&O Rail,Atlantic Ave,Ventnor Ave,WW,Marvin Gardins,Pacific Ave,NC Ave,Penn Ave,Short Line,Park Place,Boardwalk
0.6666666666666666,0.3333333333333333,4.0,4.2,1.5,2.3333333333333335,1.4285714285714286,0.16,4.642857142857143,0.75,3.0,3.111111111111111,3.5,4.4,0.8181818181818182,2.8636363636363638,2.9166666666666665,1.75,1.2692307692307692,3.3846153846153846,0.18666666666666668,0.0,2.6,3.033333333333333,3.75,0.75,3.0,4.0
