Med,Baltic,RR,Ori Ave,Vermont,Connecticut,Charles Place,EE,States Ave,Virginia,Penn Rail,St. James,Tenn Ave,NY Ave,Ken Ave,Indiana,Illinois,B&O Rail,Atlantic Ave,Ventnor Ave,WW,Marvin Gardins,Pacific Ave,NC Ave,Penn Ave,Short Line,Park Place,Boardwalk
0.0,0.06666666666666667,1.25,0.3,0.18,0.26666666666666666,0.21428571428571427,0.05333333333333334,0.07142857142857142,0.375,1.25,0.07777777777777778,0.3111111111111111,0.16,0.32727272727272727,0.16363636363636364,0.5,1.0,0.3384615384615385,0.16923076923076924,0.05333333333333334,0.17142857142857143,0.17333333333333334,0.3466666666666667,0.0,1.0,0.1,0.25
