Med,Baltic,RR,Ori Ave,Vermont,Connecticut,Charles Place,EE,States Ave,Virginia,Penn Rail,St. James,Tenn Ave,NY Ave,Ken Ave,Indiana,Illinois,B&O Rail,Atlantic Ave,Ventnor Ave,WW,Marvin Gardins,Pacific Ave,NC Ave,Penn Ave,Short Line,Park Place,Boardwalk
0.06666666666666667,0.13333333333333333,0.5,0.12,0.12,0.2,0.14285714285714285,0.05333333333333334,0.07142857142857142,0.15,0.25,0.23333333333333334,0.3888888888888889,0.32,0.4090909090909091,0.5727272727272728,0.25,0.5,0.25384615384615383,0.3384615384615385,0.22666666666666666,0.0,0.17333333333333334,0.6066666666666667,0.0875,2.5,0.3,0.375
