Med,Baltic,RR,Ori Ave,Vermont,Connecticut,Charles Place,EE,States Ave,Virginia,Penn Rail,St. James,Tenn Ave,NY Ave,Ken Ave,Indiana,Illinois,B&O Rail,Atlantic Ave,Ventnor Ave,WW,Marvin Gardins,Pacific Ave,NC Ave,Penn Ave,Short Line,Park Place,Boardwalk
1.1666666666666667,2.6666666666666665,1.0,1.5,3.0,3.0,4.642857142857143,0.4533333333333333,1.4285714285714286,2.625,3.25,1.9444444444444444,1.9444444444444444,4.8,2.4545454545454546,3.272727272727273,3.3333333333333335,0.75,3.3846153846153846,4.230769230769231,0.10666666666666667,3.0,3.033333333333333,2.1666666666666665,3.75,1.25,2.5,4.0
