Med,Baltic,RR,Ori Ave,Vermont,Connecticut,Charles Place,EE,States Ave,Virginia,Penn Rail,St. James,Tenn Ave,NY Ave,Ken Ave,Indiana,Illinois,B&O Rail,Atlantic Ave,Ventnor Ave,WW,Marvin Gardins,Pacific Ave,NC Ave,Penn Ave,Short Line,Park Place,Boardwalk
1.1666666666666667,1.3333333333333333,0.75,1.2,1.8,2.6666666666666665,2.857142857142857,0.21333333333333335,2.857142857142857,1.125,1.5,1.9444444444444444,2.3333333333333335,1.2,6.545454545454546,1.2272727272727273,3.3333333333333335,9.25,2.9615384615384617,3.3846153846153846,0.16,2.5714285714285716,3.466666666666667,2.1666666666666665,2.8125,5.25,2.5,2.5
